id,title,slug,status,category,filename
"49","Top 5 summer treks of India 2024","top-5-summer-treks-of-india-2024","published","Blog","Top 5 summer treks of India 2024.png"
"48","Ultimate Fitness Guide For Trekkers From Beginner Trails to Experienced","ultimate-fitness-guide-for-trekkers-from-beginner-trails-to-experienced","published","Blog","Ultimate Fitness Guide For Trekkers From Beginner Trails to Experienced.png"
"47","Essential Tips for High BMI Explorers!","essential-tips-for-high-bmi-explorers","published","Blog","Essential Tips for High BMI Explorers!.png"
"46","Best Time to Trek Kedarkantha: A Simple Guide","best-time-to-trek-kedarkantha","published","Blog","Best Time to Trek Kedarkantha - A Simple Guide.png"
"45","Unlock Ultimate Kasol + Kheerganga Trek Gear Checklist You Didn’t Know You Needed","unlock-the-ultimate-kasol-kheerganga-trek-gear-checklist-you-didnt-know-you-needed","published","Blog","Unlock Ultimate Kasol + Kheerganga Trek Gear Checklist You Didn’t Know You Needed.png"
"44","Unbelievable Kedarkantha Trek Deals You Can’t Resist","unbelievable-kedarkantha-trek-deals-you-cant-resist","published","Blog","Unbelievable Kedarkantha Trek Deals You Can’t Resist.png"
"43","Kheerganga Trek: 7 Secret Packing Hacks You Can’t Forget","kheerganga-trek-7-secret-packing-hacks-you-cant-forget","published","Blog","Kheerganga Trek - 7 Secret Packing Hacks You Can’t Forget.png"
"42","How to Book the Most Affordable Kasol + Kheerganga Trek Package: Insider Tips!","how-to-book-the-most-affordable-kasol-kheerganga-trek-package-insider-tips","published","Blog","How to Book the Most Affordable Kasol + Kheerganga Trek Package - Insider Tips!.png"
"41","Book Your Ultimate Winter Escape: Kedarkantha Trek Discounts!","book-your-ultimate-winter-escape-kedarkantha-trek-discounts","published","Blog","Book Your Ultimate Winter Escape - Kedarkantha Trek Discounts!.png"
"40","Find the Best Deals on Kheerganga Trekking Gear!","find-the-best-deals-on-kheerganga-trekking-gear","published","Blog","Find the Best Deals on Kheerganga Trekking Gear!.png"
"39","Ready for Adventure? Kedarkantha Trek Packages on Sale Now","ready-for-adventure-kedarkantha-trek-packages-on-sale-now","published","Blog","Ready for Adventure - Kedarkantha Trek Packages on Sale Now.png"
"38","Step-by-Step Guide to Planning Your Kasol + Kheerganga Trek Adventure: Start Here!","step-by-step-guide-to-planning-your-kasol-kheerganga-trek-adventure-start-here","published","Blog","Step-by-Step Guide to Planning Your Kasol + Kheerganga Trek Adventure - Start Here!.png"
"37","Book Your Dream Kheerganga Trek: Insider Secrets to Save Big","book-your-dream-kheerganga-trek-insider-secrets-to-save-big","published","Blog","Book Your Dream Kheerganga Trek - Insider Secrets to Save Big.png"
"36","Score Big Savings on Kedarkantha Trek Gear Today!","score-big-savings-on-kedarkantha-trek-gear-today","published","Blog","Score Big Savings on Kedarkantha Trek Gear Today!.png"
"35","The Secret to Finding Hidden Discounts on Kasol + Kheerganga Trek Deals","the-secret-to-finding-hidden-discounts-on-kasol-kheerganga-trek-deals","published","Blog","The Secret to Finding Hidden Discounts on Kasol + Kheerganga Trek Deals.png"
"34","Transform Your Weekend with an Insane Kheerganga Trek Adventure","transform-your-weekend-with-an-insane-kheerganga-trek-adventure","published","Blog","Transform Your Weekend with an Insane Kheerganga Trek Adventure.png"
"33","Kheerganga Trek on a Budget: 10 Deals You Need to Grab Today!","kheerganga-trek-on-a-budget-10-deals-you-need-to-grab-today","published","Blog","Kheerganga Trek on a Budget - 10 Deals You Need to Grab Today!.png"
"32","Last Minute Kedarkantha Booking Tips & Tricks","last-minute-kedarkantha-booking-tips-tricks","published","Blog","Last Minute Kedarkantha Booking Tips & Tricks.png"
"31","Transform Your Kasol + Kheerganga Trek Experience with These Must-Have Gadgets!","transform-your-kasol-kheerganga-trek-experience-with-these-must-have-gadgets","published","Blog","Transform Your Kasol + Kheerganga Trek Experience with These Must-Have Gadgets!.png"
"30","Kedarkantha Trek Made Affordable: Best Budget Options","kedarkantha-trek-made-affordable-best-budget-options","published","Blog","Kedarkantha Trek Made Affordable - Best Budget Options.png"
"29","Capture The Magic of Kheerganga: Which Photography Gear To Buy","capture-the-magic-of-kheerganga-which-photography-gear-to-buy","published","Blog","Capture The Magic of Kheerganga - Which Photography Gear To Buy.png"
"28","Why Booking Your Kasol + Kheerganga Trek Now Could Save You Money","why-booking-your-kasol-kheerganga-trek-now-could-save-you-money","published","Blog","Why Booking Your Kasol + Kheerganga Trek Now Could Save You Money.png"
"27","Discover Hidden Discounts on Kedarkantha Trek Tours","discover-hidden-discounts-on-kedarkantha-trek-tours","published","Blog","Discover Hidden Discounts on Kedarkantha Trek Tours.png"
"26","Kasol + Kheerganga Trek: How to Skip the Crowds with Our Top Booking Strategies","kasol-kheerganga-trek-how-to-skip-the-crowds-with-our-top-booking-strategies","published","Blog","Kasol + Kheerganga Trek - How to Skip the Crowds with Our Top Booking Strategies.png"
"25","Limited Time Offer: Best Kheerganga Trek Packages You Shouldn’t Miss","limited-time-offer-best-kheerganga-trek-packages-you-shouldnt-miss","published","Blog","Limited Time Offer - Best Kheerganga Trek Packages You Shouldn’t Miss.png"
"24","Exclusive Offers on Guided Kedarkantha Expeditions","exclusive-offers-on-guided-kedarkantha-expeditions","published","Blog","Exclusive Offers on Guided Kedarkantha Expeditions.png"
"23","Get Ready for an Epic Journey: Essential Guide to Kheerganga Trek Tours","get-ready-for-an-epic-journey-essential-guide-to-kheerganga-trek-tours","published","Blog","Get Ready for an Epic Journey - Essential Guide to Kheerganga Trek Tours.png"
"22","Upgrade Your Trek: Where to Buy the Best Budget Equipment for Kasol + Kheerganga","upgrade-your-trek-where-to-buy-the-best-budget-equipment-for-kasol-kheerganga","published","Blog","Upgrade Your Trek - Where to Buy the Best Budget Equipment for Kasol + Kheerganga.png"
"21","Book Kedarkantha Trek Now and Receive Surprise Perks!","book-kedarkantha-trek-now-and-receive-surprise-perks","published","Blog","Book Kedarkantha Trek Now and Receive Surprise Perks!.png"
"20","Unlock the Ultimate Hiking Experience with These Kheerganga Lodging Tips","unlock-the-ultimate-hiking-experience-with-these-kheerganga-lodging-tips","published","Blog","Unlock the Ultimate Hiking Experience with These Kheerganga Lodging Tips.png"
"19","Discover the Best Times to Buy Kasol + Kheerganga Trek Packages for Huge Savings","discover-the-best-times-to-buy-kasol-kheerganga-trek-packages-for-huge-savings","published","Blog","Discover the Best Times to Buy Kasol + Kheerganga Trek Packages for Huge Savings.png"
"18","8 Best Winter Trek Lists in India: Ultimate Guide for 2025","best-winter-trek-lists-in-india-ultimate-guide-for-2025","published","Blog","8 Best Winter Trek Lists in India - Ultimate Guide for 2025.png"
"17","Secure Your Spot: Highest-Rated Kedarkantha Trek Packages","secure-your-spot-highest-rated-kedarkantha-trek-packages","published","Blog","Secure Your Spot - Highest-Rated Kedarkantha Trek Packages.png"
"16","“Kheerganga Masterclass: Score These Trek Discounts Before They’re Gone!”","kheerganga-masterclass-score-these-trek-discounts-before-theyre-gone","published","Blog","“Kheerganga Masterclass - Score These Trek Discounts Before They’re Gone!”.png"
"15","“Ready to Trek? Don’t Forget These Crucial Kasol + Kheerganga Bookings Steps!”","ready-to-trek-dont-forget-these-crucial-kasol-kheerganga-bookings-steps","published","Blog","“Ready to Trek - Don’t Forget These Crucial Kasol + Kheerganga Bookings Steps!”.png"
"14","Ultimate Kedarkantha Trek Bundle Deals Just for You","ultimate-kedarkantha-trek-bundle-deals-just-for-you","published","Blog","Ultimate Kedarkantha Trek Bundle Deals Just for You.png"
"13","The Truth About Kheerganga Travel Insurance: What You Need to Know","the-truth-about-kheerganga-travel-insurance-what-you-need-to-know","published","Blog","The Truth About Kheerganga Travel Insurance - What You Need to Know.png"
"12","Beat the Rush: How to Secure Your Spot on the Kasol + Kheerganga Trail Today!","beat-the-rush-how-to-secure-your-spot-on-the-kasol-kheerganga-trail-today","published","Blog","Beat the Rush - How to Secure Your Spot on the Kasol + Kheerganga Trail Today!.png"
"11","Kedarkantha Trekking Essentials: Buy Now & Save Big!","kedarkantha-trekking-essentials-buy-now-save-big","published","Blog","Kedarkantha Trekking Essentials - Buy Now & Save Big!.png"
"10","The Ultimate Comparison Guide: Choose the Perfect Kasol Kheerganga Trek Option","the-ultimate-comparison-guide-choose-the-perfect-kasol-kheerganga-trek-option","published","Blog","The Ultimate Comparison Guide - Choose the Perfect Kasol Kheerganga Trek Option.png"
"9","Fall in Love with Kheerganga How to Book Your Stay at These Cozy Lodges","fall-in-love-with-kheerganga-how-to-book-your-stay-at-these-cozy-lodges","published","Blog","Fall in Love with Kheerganga How to Book Your Stay at These Cozy Lodges.png"
"8","The Surprising Truth About Trekking Packages: What to Look for on Your Kasol + Kheerganga Trip","the-surprising-truth-about-trekking-packages-what-to-look-for-on-your-kasol-kheerganga-trip","published","Blog","The Surprising Truth About Trekking Packages - What to Look for on Your Kasol + Kheerganga Trip.png"
"7","Kasol + Kheerganga Trek for Beginners: How to Snag the Best Beginner-Friendly Packages","kasol-kheerganga-trek-for-beginners-how-to-snag-the-best-beginner-friendly-packages","published","Blog","Kasol + Kheerganga Trek for Beginners - How to Snag the Best Beginner-Friendly Packages.png"
"6","Navigate the Market: Where to Find Kasol + Kheerganga Trek Packages That Won’t Break the Bank","navigate-the-market-where-to-find-kasol-kheerganga-trek-packages-that-wont-break-the-bank","published","Blog","Navigate the Market - Where to Find Kasol + Kheerganga Trek Packages That Won’t Break the Bank.png"
"5","13 Best Summer Treks in India for 2025 – Perfect for Nature Lovers & Thrill Seekers","13-best-summer-treks-in-india-for-2025-perfect-for-nature-lovers-thrill-seekers","published","Blog","13 Best Summer Treks in India for 2025 – Perfect for Nature Lovers & Thrill Seekers.png"
"4","Sar Pass Trek 2026: Trekking Guide Global Events Travels","sar-pass-trek-2026-trekking-guide","published","Blog","Sar Pass Trek 2026 - Trekking Guide Global Events Travels.png"
"1","13 Best Summer Treks in India for 2025","best-summer-treks-india-2025","published","Technology","13 Best Summer Treks in India for 2025.png"
"3","Essential Trekking Gear: What to Pack","essential-trekking-gear-himalayan-treks","draft","gear-review","Essential Trekking Gear - What to Pack.png"
"2","Complete Guide: Kasol to Kheerganga Trek","kasol-kheerganga-trek-beginners-guide","draft","trek-guide","Complete Guide - Kasol to Kheerganga Trek.png"
